spp,common,FilterRegion,FilterSubRegion,Taxonomic.Grouping,Management.Body,Management.Plan
Acantholumpenus mackayi,Pighead prickleback,Alaska,Northern Bering Sea,Perciformes/Zoarcoidei (Eelpouts and pricklebacks),,
Acanthostracion quadricornis,Scrawled cowfish,Gulf of Mexico,Gulf of Mexico,Tetraodontiformes (puffers and filefishes),,
Achelous gibbesii,Iridescent swimming crab,Gulf of Mexico,Gulf of Mexico,Decapoda (Crabs/Lobster/Shrimp),,
Achelous gibbesii,Iridescent swimming crab,US East Coast,Southeast,Decapoda (Crabs/Lobster/Shrimp),,
Achelous spinicarpus,Longspine swimming crab,Gulf of Mexico,Gulf of Mexico,Decapoda (Crabs/Lobster/Shrimp),,
Achelous spinimanus,Blotched swimming crab,Gulf of Mexico,Gulf of Mexico,Decapoda (Crabs/Lobster/Shrimp),,
Achelous spinimanus,Blotched swimming crab,US East Coast,Southeast,Decapoda (Crabs/Lobster/Shrimp),,
Actinauge verrillii,Reticulate anemone,Alaska,Gulf of Alaska,"Cnidaria (jellyfish, corals, anenomes) ",,
Actinauge verrillii,Reticulate anemone,US West Coast,West Coast,"Cnidaria (jellyfish, corals, anenomes) ",,
Actinostola faeculenta,Hobnail vase anemone,US West Coast,West Coast,"Cnidaria (jellyfish, corals, anenomes) ",,
Albatrossia pectoralis,Giant grenadier,US West Coast,West Coast,"Gadiformes (Cods, genadiers, pollock) ",PFMC,Pacific Coast Groundfish
Alepocephalus tenebrosus,California slickhead,US West Coast,West Coast,Alepocephaliformes (Slickheads and tubeshoulders.),,
Alosa aestivalis,Blueback herring,US East Coast,Northeast,"Clupeiformes (Herrings, anchovy, shad)",ASMFC,Interstate Fishery Management Plan 
Alosa pseudoharengus,Alewife,US East Coast,Northeast,"Clupeiformes (Herrings, anchovy, shad)",ASMFC,Interstate Fishery Management Plan 
Alosa sapidissima,American shad,US East Coast,Northeast,"Clupeiformes (Herrings, anchovy, shad)",ASMFC,Interstate Fishery Management Plan 
Alosa sapidissima,American shad,US West Coast,West Coast,"Clupeiformes (Herrings, anchovy, shad)",,
Aluterus schoepfii,Orange filefish,Gulf of Mexico,Gulf of Mexico,Tetraodontiformes (puffers and filefishes),,
Amblyraja radiata,Thorny skate,US East Coast,Northeast,"Elasmobranchi:Batoidea (skates, rays) ",NEFMC,Northeast Skate Complex
Anarhichas lupus,Atlantic wolffish,US East Coast,Northeast,Perciformes/Zoarcoidei (Eelpouts and pricklebacks),NEFMC,Northeast Multispecies
Anasimus latus,Stilt spider crab,Gulf of Mexico,Gulf of Mexico,Decapoda (Crabs/Lobster/Shrimp),,
Anchoa hepsetus,Striped anchovy,Gulf of Mexico,Gulf of Mexico,"Clupeiformes (Herrings, anchovy, shad)",,
Anchoa spp.,Anchovies,US East Coast,Southeast,"Clupeiformes (Herrings, anchovy, shad)",,
Ancylopsetta quadrocellata,Ocellated flounder,Gulf of Mexico,Gulf of Mexico,Pleuronectiformes (Flatfishes) ,,
Ancylopsetta quadrocellata,Ocellated flounder,US East Coast,Southeast,Pleuronectiformes (Flatfishes) ,,
Anoplopoma fimbria,Sablefish,Alaska,Aleutian Islands,Perciformes/Cottoidei (sculpins),NPFMC,Groundfish of the Bering Sea and Aleutian Islands Management Area
Anoplopoma fimbria,Sablefish,Alaska,Gulf of Alaska,Perciformes/Cottoidei (sculpins),NPFMC,Groundfish of the Gulf of Alaska
Anoplopoma fimbria,Sablefish,US West Coast,West Coast,Perciformes/Cottoidei (sculpins),PFMC,Pacific Coast Groundfish
Anthoptilum grandiflorum,Feather boa sea pen,US West Coast,West Coast,"Cnidaria (jellyfish, corals, anenomes) ",,
Antimora microlepis,Finescale mora,US West Coast,West Coast,"Gadiformes (Cods, genadiers, pollock) ",PFMC,Pacific Coast Groundfish
Aphareus rutilans,Lehi,Hawaii,Hawaii,"Eupercaria (drums, croakers, porgies, tilefishes, parrotfish, snappers) ",WPFMC,Hawaii Archipelago Ecosystem
Aphrocallistes vastus,Cloud sponge,Alaska,Aleutian Islands,Porifera (sponges),,
Aphrocallistes vastus,Cloud sponge,Alaska,Gulf of Alaska,Porifera (sponges),,
Apostichopus californicus,Giant california sea cucumber,US West Coast,West Coast,Holothuroidea (sea cucumbers),,
Apostichopus leukothele,White-knobbed sea cucumber,US West Coast,West Coast,Holothuroidea (sea cucumbers),,
Apristurus brunneus,Brown catshark,US West Coast,West Coast,Elasmobranchi:Selachi (sharks),,
Arctoraja parmifera,Alaska skate,Alaska,Northern Bering Sea,"Elasmobranchi:Batoidea (skates, rays) ",NPFMC,Groundfish of the Bering Sea and Aleutian Islands Management Area
Arenaeus cribrarius,Speckled swimming crab,US East Coast,Southeast,Decapoda (Crabs/Lobster/Shrimp),,
Aspidophoroides olrikii,Arctic alligatorfish,Alaska,Northern Bering Sea,Perciformes/Cottoidei (sculpins),,
Asterias amurensis,North pacific seastar,Alaska,Eastern Bering Sea,Asteroidea (starfishes) ,,
Asterias amurensis,North pacific seastar,Alaska,Northern Bering Sea,Asteroidea (starfishes) ,,
Atheresthes stomias,Arrowtooth flounder,US West Coast,West Coast,Pleuronectiformes (Flatfishes) ,PFMC,Pacific Coast Groundfish
Atheresthes stomias,Arrowtooth flounder,Alaska,Gulf of Alaska,Pleuronectiformes (Flatfishes) ,NPFMC,Groundfish of the Gulf of Alaska
Atheresthes stomias and A. evermanni,Arrowtooth and kamchatka flounders,Alaska,Aleutian Islands,Pleuronectiformes (Flatfishes) ,NPFMC,Groundfish of the Bering Sea and Aleutian Islands Management Area
Atheresthes stomias and A. evermanni,Arrowtooth and kamchatka flounders,Alaska,Eastern Bering Sea,Pleuronectiformes (Flatfishes) ,NPFMC,Groundfish of the Bering Sea and Aleutian Islands Management Area
Axinella blanca,,Alaska,Aleutian Islands,Porifera (sponges),,
Bairdiella chrysoura,Silver perch,US East Coast,Southeast,"Eupercaria (drums, croakers, porgies, tilefishes, parrotfish, snappers) ",,
Balistes capriscus,Gray triggerfish,Gulf of Mexico,Gulf of Mexico,Tetraodontiformes (puffers and filefishes),GMFMC,Reef Fish Resources of the Gulf of Mexico
Bathybembix bairdii,,US West Coast,West Coast,Gastropoda (sea snails and slugs),,
Bathymaster signatus,Searcher,Alaska,Aleutian Islands,Perciformes/Zoarcoidei (Eelpouts and pricklebacks),,
Bathymaster signatus,Searcher,Alaska,Eastern Bering Sea,Perciformes/Zoarcoidei (Eelpouts and pricklebacks),,
Bathymaster signatus,Searcher,Alaska,Gulf of Alaska,Perciformes/Zoarcoidei (Eelpouts and pricklebacks),,
Bathyraja spp.,Skate complex,Alaska,Aleutian Islands,"Elasmobranchi:Batoidea (skates, rays) ",NPFMC,Groundfish of the Bering Sea and Aleutian Islands Management Area
Bathyraja spp.,Skate complex,Alaska,Gulf of Alaska,"Elasmobranchi:Batoidea (skates, rays) ",NPFMC,Groundfish of the Gulf of Alaska
Bathyraja spp.,Skate complex,US West Coast,West Coast,"Elasmobranchi:Batoidea (skates, rays) ",PFMC,Pacific Coast Groundfish
Bellator militaris,Horned searobin,Gulf of Mexico,Gulf of Mexico,Perciformes/Scorpaenoidei (Scorpionfishes),,
Beringraja binoculata,Big skate,Alaska,Gulf of Alaska,"Elasmobranchi:Batoidea (skates, rays) ",NPFMC,Groundfish of the Gulf of Alaska
Beringraja binoculata,Big skate,US West Coast,West Coast,"Elasmobranchi:Batoidea (skates, rays) ",PFMC,Pacific Coast Groundfish
Beringraja inornata,California skate,US West Coast,West Coast,"Elasmobranchi:Batoidea (skates, rays) ",PFMC,Pacific Coast Groundfish
Beringraja rhina,Longnose skate,Alaska,Gulf of Alaska,"Elasmobranchi:Batoidea (skates, rays) ",NPFMC,Groundfish of the Gulf of Alaska
Beringraja rhina,Longnose skate,US West Coast,West Coast,"Elasmobranchi:Batoidea (skates, rays) ",PFMC,Pacific Coast Groundfish
Berryteuthis magister,Magister armhook squid,Alaska,Aleutian Islands,"Cephalopoda (squid, octopus)",NPFMC,Groundfish of the Bering Sea and Aleutian Islands Management Area
Berryteuthis magister,Magister armhook squid,Alaska,Gulf of Alaska,"Cephalopoda (squid, octopus)",NPFMC,Groundfish of the Gulf of Alaska
Boltenia ovifera,Stalked sea squirt,Alaska,Eastern Bering Sea,"Tunicata (sea squirts, tunicates, salps) ",,
Boltenia ovifera,Stalked sea squirt,Alaska,Northern Bering Sea,"Tunicata (sea squirts, tunicates, salps) ",,
Boreogadus saida,Arctic cod,Alaska,Northern Bering Sea,"Gadiformes (Cods, genadiers, pollock) ",,
Bothrocara brunneum,Twoline eelpout,US West Coast,West Coast,Perciformes/Zoarcoidei (Eelpouts and pricklebacks),,
Bothus robinsi,Twospot flounder,Gulf of Mexico,Gulf of Mexico,Pleuronectiformes (Flatfishes) ,,
Brevoortia tyrannus,Atlantic menhaden,US East Coast,Southeast,"Clupeiformes (Herrings, anchovy, shad)",ASMFC,Interstate Fishery Management Plan 
Brisaster latifrons,Northern heart urchin,Alaska,Gulf of Alaska,"Echinoidea (sea urchins, sand dollars) ",,
Brisaster latifrons,Northern heart urchin,US West Coast,West Coast,"Echinoidea (sea urchins, sand dollars) ",,
Buccinum angulosum,Angular whelk,Alaska,Eastern Bering Sea,Gastropoda (sea snails and slugs),,
Buccinum angulosum,Angular whelk,Alaska,Northern Bering Sea,Gastropoda (sea snails and slugs),,
Buccinum polare,Polar whelk,Alaska,Eastern Bering Sea,Gastropoda (sea snails and slugs),,
Buccinum polare,Polar whelk,Alaska,Northern Bering Sea,Gastropoda (sea snails and slugs),,
Buccinum scalariforme,Ladder whelk,Alaska,Eastern Bering Sea,Gastropoda (sea snails and slugs),,
Buccinum scalariforme,Ladder whelk,Alaska,Northern Bering Sea,Gastropoda (sea snails and slugs),,
Calamus proridens,Littlehead porgy,Gulf of Mexico,Gulf of Mexico,"Eupercaria (drums, croakers, porgies, tilefishes, parrotfish, snappers) ",,
Calappa sulcata,Yellow box crab,Gulf of Mexico,Gulf of Mexico,Decapoda (Crabs/Lobster/Shrimp),,
Callinectes ornatus,Shelling crab,US East Coast,Southeast,Decapoda (Crabs/Lobster/Shrimp),,
Callinectes sapidus,Blue crab,Gulf of Mexico,Gulf of Mexico,Decapoda (Crabs/Lobster/Shrimp),GSMFC,Interstate Fishery Management Plan 
Callinectes sapidus,Blue crab,US East Coast,Southeast,Decapoda (Crabs/Lobster/Shrimp),,
Callinectes similis,Lesser blue crab,Gulf of Mexico,Gulf of Mexico,Decapoda (Crabs/Lobster/Shrimp),,
Callinectes similis,Lesser blue crab,US East Coast,Southeast,Decapoda (Crabs/Lobster/Shrimp),,
Callogorgia compressa,,Alaska,Aleutian Islands,"Cnidaria (jellyfish, corals, anenomes) ",,
Cancer borealis,Jonah crab,US East Coast,Northeast,Decapoda (Crabs/Lobster/Shrimp),ASMFC,Interstate Fishery Management Plan 
Cancer irroratus,Atlantic rock crab,US East Coast,Northeast,Decapoda (Crabs/Lobster/Shrimp),,
Caranx crysos,Blue runner,US East Coast,Southeast,Carangiformes (Jacks),,
Careproctus melanurus,Blacktail snailfish,US West Coast,West Coast,Perciformes/Cottoidei (sculpins),,
Centropristis ocyurus,Bank sea bass,Gulf of Mexico,Gulf of Mexico,Perciformes/Serranoidei (Groupers),,
Centropristis philadelphica,Rock sea bass,Gulf of Mexico,Gulf of Mexico,Perciformes/Serranoidei (Groupers),,
Centropristis philadelphica,Rock sea bass,US East Coast,Southeast,Perciformes/Serranoidei (Groupers),SAFMC,Snapper-Grouper Fishery of the South Atlantic Region
Centropristis striata,Black sea bass,US East Coast,Northeast,Perciformes/Serranoidei (Groupers),ASMFC,"Summer Flounder, Scup and Black Sea Bass"
Centropristis striata,Black sea bass,US East Coast,Northeast,Perciformes/Serranoidei (Groupers),MAFMC,"Summer Flounder, Scup and Black Sea Bass"
Centropristis striata,Black sea bass,US East Coast,Southeast,Perciformes/Serranoidei (Groupers),SAFMC,Snapper-Grouper Fishery of the South Atlantic Region
Chaceon quinquedens,Red deepsea crab,US East Coast,Northeast,Decapoda (Crabs/Lobster/Shrimp),NEFMC,Deep-sea red crab
Chaetodipterus faber,Atlantic spadefish,US East Coast,Southeast,Acanthuriformes (Surgeonfishes),SAFMC,Snapper-Grouper Fishery of the South Atlantic Region
Chaetodon ocellatus,Spotfin butterflyfish,Gulf of Mexico,Gulf of Mexico,Acanthuriformes (Surgeonfishes),,
Chauliodus macouni,Pacific viperfish,US West Coast,West Coast,Stomiiformes (Lightfishes and dragonfishes),,
Cheiraster (Luidiaster) dawsoni,,Alaska,Aleutian Islands,Asteroidea (starfishes) ,,
Chilomycterus schoepfii,Striped burrfish,Gulf of Mexico,Gulf of Mexico,Tetraodontiformes (puffers and filefishes),,
Chilomycterus schoepfii,Striped burrfish,US East Coast,Southeast,Tetraodontiformes (puffers and filefishes),,
Chionoecetes bairdi,Tanner crab,Alaska,Aleutian Islands,Decapoda (Crabs/Lobster/Shrimp),NPFMC,Bering Sea/Aleutian Islands King and Tanner Crabs
Chionoecetes bairdi,Tanner crab,Alaska,Eastern Bering Sea,Decapoda (Crabs/Lobster/Shrimp),NPFMC,Bering Sea/Aleutian Islands King and Tanner Crabs
Chionoecetes bairdi,Tanner crab,Alaska,Gulf of Alaska,Decapoda (Crabs/Lobster/Shrimp),,
Chionoecetes opilio,Snow crab,Alaska,Eastern Bering Sea,Decapoda (Crabs/Lobster/Shrimp),NPFMC,Bering Sea/Aleutian Islands King and Tanner Crabs
Chionoecetes opilio,Snow crab,Alaska,Northern Bering Sea,Decapoda (Crabs/Lobster/Shrimp),,
Chionoecetes tanneri,Grooved tanner crab,US West Coast,West Coast,Decapoda (Crabs/Lobster/Shrimp),,
Chloroscombrus chrysurus,Atlantic bumper,Gulf of Mexico,Gulf of Mexico,Carangiformes (Jacks),,
Chloroscombrus chrysurus,Atlantic bumper,US East Coast,Southeast,Carangiformes (Jacks),,
Chorilia longipes,Longhorn decorator crab,US West Coast,West Coast,Decapoda (Crabs/Lobster/Shrimp),,
Chrysaora melanaster,,Alaska,Northern Bering Sea,"Cnidaria (jellyfish, corals, anenomes) ",,
Citharichthys arctifrons,Gulf stream flounder,US East Coast,Northeast,Pleuronectiformes (Flatfishes) ,,
Citharichthys macrops,Spotted whiff,Gulf of Mexico,Gulf of Mexico,Pleuronectiformes (Flatfishes) ,,
Citharichthys macrops,Spotted whiff,US East Coast,Southeast,Pleuronectiformes (Flatfishes) ,,
Citharichthys sordidus,Pacific sanddab,US West Coast,West Coast,Pleuronectiformes (Flatfishes) ,PFMC,Pacific Coast Groundfish
Citharichthys spilopterus,Bay whiff,Gulf of Mexico,Gulf of Mexico,Pleuronectiformes (Flatfishes) ,,
Citharichthys spilopterus,Bay whiff,US East Coast,Southeast,Pleuronectiformes (Flatfishes) ,,
Clinopegma magnum,Helmet whelk,Alaska,Eastern Bering Sea,Gastropoda (sea snails and slugs),,
Clupea harengus,Atlantic herring,US East Coast,Northeast,"Clupeiformes (Herrings, anchovy, shad)",ASMFC,Interstate Fishery Management Plan 
Clupea harengus,Atlantic herring,US East Coast,Northeast,"Clupeiformes (Herrings, anchovy, shad)",NEFMC,Atlantic Herring
Clupea pallasii,Pacific herring,Alaska,Eastern Bering Sea,"Clupeiformes (Herrings, anchovy, shad)",NPFMC,Groundfish of the Bering Sea and Aleutian Islands Management Area
Clupea pallasii,Pacific herring,Alaska,Northern Bering Sea,"Clupeiformes (Herrings, anchovy, shad)",,
Clupea pallasii,Pacific herring,Alaska,Gulf of Alaska,"Clupeiformes (Herrings, anchovy, shad)",NPFMC,Groundfish of the Gulf of Alaska
Clupea pallasii,Pacific herring,US West Coast,West Coast,"Clupeiformes (Herrings, anchovy, shad)",,
Coryphaenoides acrolepis,Pacific grenadier,US West Coast,West Coast,"Gadiformes (Cods, genadiers, pollock) ",PFMC,Pacific Coast Groundfish
Crossaster borealis,Grooved sun star,US West Coast,West Coast,Asteroidea (starfishes) ,,
Crossaster papposus,Common sunstar,Alaska,Aleutian Islands,Asteroidea (starfishes) ,,
Crossaster papposus,Common sunstar,Alaska,Eastern Bering Sea,Asteroidea (starfishes) ,,
Crossaster papposus,Common sunstar,Alaska,Northern Bering Sea,Asteroidea (starfishes) ,,
Crossaster papposus,Common sunstar,Alaska,Gulf of Alaska,Asteroidea (starfishes) ,,
Ctenodiscus crispatus,Mud star,Alaska,Eastern Bering Sea,Asteroidea (starfishes) ,,
Ctenodiscus crispatus,Mud star,Alaska,Gulf of Alaska,Asteroidea (starfishes) ,,
Cucumaria fallax,,Alaska,Aleutian Islands,Holothuroidea (sea cucumbers),,
Cyanea capillata,Lion's mane,Alaska,Gulf of Alaska,"Cnidaria (jellyfish, corals, anenomes) ",,
Cyclopsetta chittendeni,Mexican flounder,Gulf of Mexico,Gulf of Mexico,Pleuronectiformes (Flatfishes) ,,
Cyclopsetta fimbriata,Spotfin flounder,Gulf of Mexico,Gulf of Mexico,Pleuronectiformes (Flatfishes) ,,
Cynoscion arenarius,Sand weakfish,Gulf of Mexico,Gulf of Mexico,"Eupercaria (drums, croakers, porgies, tilefishes, parrotfish, snappers) ",GSMFC,Interstate Fishery Management Plan 
Cynoscion nothus,Silver seatrout,Gulf of Mexico,Gulf of Mexico,"Eupercaria (drums, croakers, porgies, tilefishes, parrotfish, snappers) ",GSMFC,Interstate Fishery Management Plan 
Cynoscion nothus,Silver seatrout,US East Coast,Southeast,"Eupercaria (drums, croakers, porgies, tilefishes, parrotfish, snappers) ",,
Cynoscion regalis,Weakfish,US East Coast,Southeast,"Eupercaria (drums, croakers, porgies, tilefishes, parrotfish, snappers) ",ASMFC,Interstate Fishery Management Plan 
Cynoscion regalis,Weakfish,US East Coast,Southeast,"Eupercaria (drums, croakers, porgies, tilefishes, parrotfish, snappers) ",SAFMC,Snapper-Grouper Fishery of the South Atlantic Region
Dasycottus setiger,Spinyhead sculpin,Alaska,Eastern Bering Sea,Perciformes/Cottoidei (sculpins),NPFMC,Groundfish of the Bering Sea and Aleutian Islands Management Area
Dasycottus setiger,Spinyhead sculpin,Alaska,Gulf of Alaska,Perciformes/Cottoidei (sculpins),NPFMC,Groundfish of the Gulf of Alaska
Decapterus punctatus,Round scad,Gulf of Mexico,Gulf of Mexico,Carangiformes (Jacks),,
Diplectrum bivittatum,Dwarf sand perch,Gulf of Mexico,Gulf of Mexico,Perciformes/Serranoidei (Groupers),,
Diplectrum formosum,Sand perch,Gulf of Mexico,Gulf of Mexico,Perciformes/Serranoidei (Groupers),,
Diplopteraster multipes,Pincushion star,Alaska,Aleutian Islands,Asteroidea (starfishes) ,,
Dipturus laevis,Barndoor skate,US East Coast,Northeast,"Elasmobranchi:Batoidea (skates, rays) ",NEFMC,Northeast Skate Complex
Doryteuthis opalescens,California market squid,US West Coast,West Coast,"Cephalopoda (squid, octopus)",PFMC,Coastal Pelagic Species
Doryteuthis pealeii,Longfin inshore squid,US East Coast,Northeast,"Cephalopoda (squid, octopus)",MAFMC,"Mackerel, Squid and Butterfish"
Doryteuthis sp,Inshore Squid sp.,Gulf of Mexico,Gulf of Mexico,"Cephalopoda (squid, octopus)",GMFMC,
Doryteuthis sp,Inshore Squid sp.,US East Coast,Southeast,"Cephalopoda (squid, octopus)",SAFMC,
Echidnocerus foraminatus,Brown box crab,US West Coast,West Coast,Decapoda (Crabs/Lobster/Shrimp),,
Elassochirus cavimanus,Purple hermit,Alaska,Aleutian Islands,Decapoda (Crabs/Lobster/Shrimp),,
Elassochirus tenuimanus,Widehand hermit,Alaska,Gulf of Alaska,Decapoda (Crabs/Lobster/Shrimp),,
Eleginus gracilis,Saffron cod,Alaska,Northern Bering Sea,"Gadiformes (Cods, genadiers, pollock) ",,
Enophrys diceraus,Antlered sculpin,Alaska,Northern Bering Sea,Perciformes/Cottoidei (sculpins),,
Enteroctopus dofleini,North pacific giant octopus,Alaska,Aleutian Islands,"Cephalopoda (squid, octopus)",NPFMC,Groundfish of the Bering Sea and Aleutian Islands Management Area
Eopsetta jordani,Petrale sole,US West Coast,West Coast,Pleuronectiformes (Flatfishes) ,PFMC,Pacific Coast Groundfish
Epinephelus morio,Red grouper,Gulf of Mexico,Gulf of Mexico,Perciformes/Serranoidei (Groupers),GMFMC,Reef Fish Resources of the Gulf of Mexico
Eques lanceolatus,Jackknife-fish,Gulf of Mexico,Gulf of Mexico,"Eupercaria (drums, croakers, porgies, tilefishes, parrotfish, snappers) ",,
Erimacrus isenbeckii,Hair crab,Alaska,Eastern Bering Sea,Decapoda (Crabs/Lobster/Shrimp),,
Erimacrus isenbeckii,Hair crab,Alaska,Northern Bering Sea,Decapoda (Crabs/Lobster/Shrimp),,
Etelis carbunculus,Ehu,Hawaii,Hawaii,"Eupercaria (drums, croakers, porgies, tilefishes, parrotfish, snappers) ",WPFMC,Hawaii Archipelago Ecosystem
Etelis coruscans,Onaga,Hawaii,Hawaii,"Eupercaria (drums, croakers, porgies, tilefishes, parrotfish, snappers) ",WPFMC,Hawaii Archipelago Ecosystem
Etropus crossotus,Fringed flounder,Gulf of Mexico,Gulf of Mexico,Pleuronectiformes (Flatfishes) ,,
Etropus crossotus,Fringed flounder,US East Coast,Southeast,Pleuronectiformes (Flatfishes) ,,
Etropus cyclosquamus,Shelf flounder,US East Coast,Southeast,Pleuronectiformes (Flatfishes) ,,
Eucidaris tribuloides,Slate pencil urchin,Gulf of Mexico,Gulf of Mexico,"Echinoidea (sea urchins, sand dollars) ",,
Eucinostomus gula,Silver jenny,Gulf of Mexico,Gulf of Mexico,"Eupercaria (drums, croakers, porgies, tilefishes, parrotfish, snappers) ",,
Eucinostomus spp.,Mojarras,US East Coast,Southeast,"Eupercaria (drums, croakers, porgies, tilefishes, parrotfish, snappers) ",,
Eumicrotremus orbis,Pacific spiny lumpsucker,Alaska,Aleutian Islands,Perciformes/Cottoidei (sculpins),,
Eunoe depressa,Depressed scale worm,Alaska,Northern Bering Sea,Polychaeta (brittle worms) ,,
Eunoe nodosa,Giant scale worm,Alaska,Eastern Bering Sea,Polychaeta (brittle worms) ,,
Eunoe nodosa,Giant scale worm,Alaska,Northern Bering Sea,Polychaeta (brittle worms) ,,
Euvola marensis,Paper scallop,Gulf of Mexico,Gulf of Mexico,"Bivalvia (clams, muscles, oyster, arks, etc)",,
Evasterias echinosoma,,Alaska,Northern Bering Sea,Asteroidea (starfishes) ,,
Fowlerichthys radiosus,Singlespot frogfish,Gulf of Mexico,Gulf of Mexico,Lophiiformes (Anglerfishes),,
Fusitriton oregonensis,Oregon triton,Alaska,Aleutian Islands,Gastropoda (sea snails and slugs),,
Fusitriton oregonensis,Oregon triton,Alaska,Eastern Bering Sea,Gastropoda (sea snails and slugs),,
Fusitriton oregonensis,Oregon triton,Alaska,Gulf of Alaska,Gastropoda (sea snails and slugs),,
Gadus chalcogrammus,Walleye pollock,Alaska,Aleutian Islands,"Gadiformes (Cods, genadiers, pollock) ",NPFMC,Groundfish of the Bering Sea and Aleutian Islands Management Area
Gadus chalcogrammus,Walleye pollock,Alaska,Eastern Bering Sea,"Gadiformes (Cods, genadiers, pollock) ",NPFMC,Groundfish of the Bering Sea and Aleutian Islands Management Area
Gadus chalcogrammus,Walleye pollock,Alaska,Northern Bering Sea,"Gadiformes (Cods, genadiers, pollock) ",,
Gadus chalcogrammus,Walleye pollock,Alaska,Gulf of Alaska,"Gadiformes (Cods, genadiers, pollock) ",NPFMC,Groundfish of the Gulf of Alaska
Gadus chalcogrammus,Walleye pollock,US West Coast,West Coast,"Gadiformes (Cods, genadiers, pollock) ",,
Gadus macrocephalus,Pacific cod,Alaska,Aleutian Islands,"Gadiformes (Cods, genadiers, pollock) ",NPFMC,Groundfish of the Bering Sea and Aleutian Islands Management Area
Gadus macrocephalus,Pacific cod,Alaska,Eastern Bering Sea,"Gadiformes (Cods, genadiers, pollock) ",NPFMC,Groundfish of the Bering Sea and Aleutian Islands Management Area
Gadus macrocephalus,Pacific cod,Alaska,Northern Bering Sea,"Gadiformes (Cods, genadiers, pollock) ",,
Gadus macrocephalus,Pacific cod,Alaska,Gulf of Alaska,"Gadiformes (Cods, genadiers, pollock) ",NPFMC,Groundfish of the Gulf of Alaska
Gadus macrocephalus,Pacific cod,US West Coast,West Coast,"Gadiformes (Cods, genadiers, pollock) ",PFMC,Pacific Coast Groundfish
Gadus morhua,Atlantic cod,US East Coast,Northeast,"Gadiformes (Cods, genadiers, pollock) ",NEFMC,Northeast Multispecies
Genyonemus lineatus,White croaker,US West Coast,West Coast,"Eupercaria (drums, croakers, porgies, tilefishes, parrotfish, snappers) ",,
Gibbesia neglecta,Lesser mantis shrimp,US East Coast,Southeast,Decapoda (Crabs/Lobster/Shrimp),,
Glyptocephalus cynoglossus,Witch flounder,US East Coast,Northeast,Pleuronectiformes (Flatfishes) ,NEFMC,Northeast Multispecies
Glyptocephalus zachirus,Rex sole,Alaska,Aleutian Islands,Pleuronectiformes (Flatfishes) ,NPFMC,Groundfish of the Bering Sea and Aleutian Islands Management Area
Glyptocephalus zachirus,Rex sole,Alaska,Eastern Bering Sea,Pleuronectiformes (Flatfishes) ,NPFMC,Groundfish of the Bering Sea and Aleutian Islands Management Area
Glyptocephalus zachirus,Rex sole,Alaska,Gulf of Alaska,Pleuronectiformes (Flatfishes) ,NPFMC,Groundfish of the Gulf of Alaska
Glyptocephalus zachirus,Rex sole,US West Coast,West Coast,Pleuronectiformes (Flatfishes) ,PFMC,Pacific Coast Groundfish
Gorgonocephalus eucnemis,Basket star,Alaska,Aleutian Islands,Ophiuroidea (brittle stars),,
Gorgonocephalus eucnemis,Basket star,Alaska,Eastern Bering Sea,Ophiuroidea (brittle stars),,
Gorgonocephalus eucnemis,Basket star,Alaska,Northern Bering Sea,Ophiuroidea (brittle stars),,
Gorgonocephalus eucnemis,Basket star,Alaska,Gulf of Alaska,Ophiuroidea (brittle stars),,
Gorgonocephalus eucnemis,Basket star,US West Coast,West Coast,Ophiuroidea (brittle stars),,
Gymnocanthus galeatus,Armorhead sculpin,Alaska,Aleutian Islands,Perciformes/Cottoidei (sculpins),NPFMC,Groundfish of the Bering Sea and Aleutian Islands Management Area
Gymnocanthus pistilliger,Threaded sculpin,Alaska,Northern Bering Sea,Perciformes/Cottoidei (sculpins),,
Gymnothorax saxicola,Honeycomb moray,Gulf of Mexico,Gulf of Mexico,Anguilliformes (Eels and morays),,
Gymnura micrura,Smooth butterfly ray,US East Coast,Southeast,"Elasmobranchi:Batoidea (skates, rays) ",,
Haemulon aurolineatum,Tomtate grunt,Gulf of Mexico,Gulf of Mexico,"Eupercaria (drums, croakers, porgies, tilefishes, parrotfish, snappers) ",,
Haemulon plumierii,White grunt,Gulf of Mexico,Gulf of Mexico,"Eupercaria (drums, croakers, porgies, tilefishes, parrotfish, snappers) ",,
Halieutichthys sp,Batfished,Gulf of Mexico,Gulf of Mexico,Lophiiformes (Anglerfishes),,
Halocynthia aurantium,Sea peach,Alaska,Aleutian Islands,"Tunicata (sea squirts, tunicates, salps) ",,
Harengula jaguana,Scaled sardine,Gulf of Mexico,Gulf of Mexico,"Clupeiformes (Herrings, anchovy, shad)",,
Harengula jaguana,Scaled sardine,US East Coast,Southeast,"Clupeiformes (Herrings, anchovy, shad)",,
Hemilepidotus jordani,Yellow irish lord,Alaska,Aleutian Islands,Perciformes/Cottoidei (sculpins),NPFMC,Groundfish of the Bering Sea and Aleutian Islands Management Area
Hemilepidotus jordani,Yellow irish lord,Alaska,Eastern Bering Sea,Perciformes/Cottoidei (sculpins),NPFMC,Groundfish of the Bering Sea and Aleutian Islands Management Area
Hemilepidotus jordani,Yellow irish lord,Alaska,Gulf of Alaska,Perciformes/Cottoidei (sculpins),,
Hemilepidotus papilio,Butterfly sculpin,Alaska,Eastern Bering Sea,Perciformes/Cottoidei (sculpins),,
Hemitripterus americanus,Sea raven,US East Coast,Northeast,Perciformes/Cottoidei (sculpins),,
Hemitripterus bolini,Bigmouth sculpin,Alaska,Eastern Bering Sea,Perciformes/Cottoidei (sculpins),,
Hemitripterus bolini,Bigmouth sculpin,Alaska,Gulf of Alaska,Perciformes/Cottoidei (sculpins),,
Hepatus epheliticus,Calico box crab,US East Coast,Southeast,Decapoda (Crabs/Lobster/Shrimp),,
Heterozonias alternatus,Canonball sun star,US West Coast,West Coast,Asteroidea (starfishes) ,,
Hexagrammos stelleri,Whitespotted greenling,Alaska,Northern Bering Sea,Perciformes/Cottoidei (sculpins),,
Hippasteria californica,Californian spiny star,US West Coast,West Coast,Asteroidea (starfishes) ,,
Hippasteria phrygiana,Arctic cushion star,US West Coast,West Coast,Asteroidea (starfishes) ,,
Hippocampus erectus,Lined seahorse,Gulf of Mexico,Gulf of Mexico,Syngnathiformes (Seahorses),,
Hippoglossina oblonga,American fourspot flounder,US East Coast,Northeast,Pleuronectiformes (Flatfishes) ,,
Hippoglossoides elassodon,Flathead sole,US West Coast,West Coast,Pleuronectiformes (Flatfishes) ,PFMC,Pacific Coast Groundfish
Hippoglossoides elassodon,Flathead sole,Alaska,Aleutian Islands,Pleuronectiformes (Flatfishes) ,NPFMC,Groundfish of the Bering Sea and Aleutian Islands Management Area
Hippoglossoides elassodon,Flathead sole,Alaska,Gulf of Alaska,Pleuronectiformes (Flatfishes) ,NPFMC,Groundfish of the Gulf of Alaska
Hippoglossoides elassodon and H. robustus,Flathead sole-bering flounder,Alaska,Eastern Bering Sea,Pleuronectiformes (Flatfishes) ,NPFMC,Groundfish of the Bering Sea and Aleutian Islands Management Area
Hippoglossoides elassodon and H. robustus,Flathead sole-bering flounder,Alaska,Northern Bering Sea,Pleuronectiformes (Flatfishes) ,,
Hippoglossoides platessoides,American plaice,US East Coast,Northeast,Pleuronectiformes (Flatfishes) ,NEFMC,Northeast Multispecies
Hippoglossus hippoglossus,Atlantic halibut,US East Coast,Northeast,Pleuronectiformes (Flatfishes) ,NEFMC,Northeast Multispecies
Hippoglossus stenolepis,Pacific halibut,Alaska,Aleutian Islands,Pleuronectiformes (Flatfishes) ,NPFMC,Species Managed Under International Agreement - IPHC
Hippoglossus stenolepis,Pacific halibut,Alaska,Eastern Bering Sea,Pleuronectiformes (Flatfishes) ,NPFMC,Species Managed Under International Agreement - IPHC
Hippoglossus stenolepis,Pacific halibut,Alaska,Northern Bering Sea,Pleuronectiformes (Flatfishes) ,,
Hippoglossus stenolepis,Pacific halibut,Alaska,Gulf of Alaska,Pleuronectiformes (Flatfishes) ,NPFMC,Species Managed Under International Agreement - IPHC
Hippoglossus stenolepis,Pacific halibut,US West Coast,West Coast,Pleuronectiformes (Flatfishes) ,PFMC,Species Managed Under International Agreement - IPHC
Histodermella kagigunensis,,Alaska,Aleutian Islands,Porifera (sponges),,
Homarus americanus,American lobster,US East Coast,Northeast,Decapoda (Crabs/Lobster/Shrimp),ASMFC,Interstate Fishery Management Plan 
Hyas coarctatus,Arctic lyre crab,Alaska,Eastern Bering Sea,Decapoda (Crabs/Lobster/Shrimp),,
Hyas coarctatus,Arctic lyre crab,Alaska,Northern Bering Sea,Decapoda (Crabs/Lobster/Shrimp),,
Hyas lyratus,Pacific lyre crab,Alaska,Aleutian Islands,Decapoda (Crabs/Lobster/Shrimp),,
Hyas lyratus,Pacific lyre crab,Alaska,Eastern Bering Sea,Decapoda (Crabs/Lobster/Shrimp),,
Hyas lyratus,Pacific lyre crab,Alaska,Gulf of Alaska,Decapoda (Crabs/Lobster/Shrimp),,
Hydrolagus colliei,Spotted ratfish,Alaska,Gulf of Alaska,Chimaeriformes (Chimaeras),,
Hydrolagus colliei,Spotted ratfish,US West Coast,West Coast,Chimaeriformes (Chimaeras),PFMC,Pacific Coast Groundfish
Hypanus americanus,Southern stingray,US East Coast,Southeast,"Elasmobranchi:Batoidea (skates, rays) ",,
Hypanus sabinus,Atlantic stingray,US East Coast,Southeast,"Elasmobranchi:Batoidea (skates, rays) ",,
Hypanus say,Bluntnose stingray,US East Coast,Southeast,"Elasmobranchi:Batoidea (skates, rays) ",,
Hyporthodus quernus,Hapu'upu'u ,Hawaii,Hawaii,Perciformes/Serranoidei (Groupers),WPFMC,Hawaii Archipelago Ecosystem
Icelinus filamentosus,Threadfin sculpin,US West Coast,West Coast,Perciformes/Cottoidei (sculpins),,
Icelus spiniger,Thorny sculpin,Alaska,Eastern Bering Sea,Perciformes/Cottoidei (sculpins),NPFMC,Groundfish of the Bering Sea and Aleutian Islands Management Area
Illex illecebrosus,Northern shortfin squid,US East Coast,Northeast,"Cephalopoda (squid, octopus)",MAFMC,"Mackerel, Squid and Butterfish"
Isopsetta isolepis,Butter sole,Alaska,Gulf of Alaska,Pleuronectiformes (Flatfishes) ,NPFMC,Groundfish of the Gulf of Alaska
Kathetostoma albigutta,Lancer stargazer,Gulf of Mexico,Gulf of Mexico,Perciformes/Uranoscopoidei (Sand dwellers),,
Labidochirus splendescens,Splendid hermit,Alaska,Eastern Bering Sea,Decapoda (Crabs/Lobster/Shrimp),,
Labidochirus splendescens,Splendid hermit,Alaska,Northern Bering Sea,Decapoda (Crabs/Lobster/Shrimp),,
Lagocephalus laevigatus,Smooth puffer,Gulf of Mexico,Gulf of Mexico,Tetraodontiformes (puffers and filefishes),,
Lagodon rhomboides,Pinfish,Gulf of Mexico,Gulf of Mexico,"Eupercaria (drums, croakers, porgies, tilefishes, parrotfish, snappers) ",,
Lagodon rhomboides,Pinfish,US East Coast,Southeast,"Eupercaria (drums, croakers, porgies, tilefishes, parrotfish, snappers) ",,
Larimus fasciatus,Banded drum,Gulf of Mexico,Gulf of Mexico,"Eupercaria (drums, croakers, porgies, tilefishes, parrotfish, snappers) ",,
Larimus fasciatus,Banded drum,US East Coast,Southeast,"Eupercaria (drums, croakers, porgies, tilefishes, parrotfish, snappers) ",,
Leiolambrus nitidus,White elbow crab,Gulf of Mexico,Gulf of Mexico,Decapoda (Crabs/Lobster/Shrimp),,
Leiostomus xanthurus,Spot,Gulf of Mexico,Gulf of Mexico,"Eupercaria (drums, croakers, porgies, tilefishes, parrotfish, snappers) ",,
Leiostomus xanthurus,Spot,US East Coast,Southeast,"Eupercaria (drums, croakers, porgies, tilefishes, parrotfish, snappers) ",ASMFC,Interstate Fishery Management Plan 
Lepidopsetta sp.,Rock soles,Alaska,Aleutian Islands,Pleuronectiformes (Flatfishes) ,NPFMC,Groundfish of the Bering Sea and Aleutian Islands Management Area
Lepidopsetta sp.,Rock soles,Alaska,Eastern Bering Sea,Pleuronectiformes (Flatfishes) ,NPFMC,Groundfish of the Bering Sea and Aleutian Islands Management Area
Lepidopsetta sp.,Rock soles,Alaska,Northern Bering Sea,Pleuronectiformes (Flatfishes) ,,Groundfish of the Bering Sea and Aleutian Islands Management Area
Lepidopsetta sp.,Rock soles,Alaska,Gulf of Alaska,Pleuronectiformes (Flatfishes) ,NPFMC,Groundfish of the Gulf of Alaska
Lepidopsetta sp.,Rock soles,US West Coast,West Coast,Pleuronectiformes (Flatfishes) ,PFMC,Pacific Coast Groundfish
Lepophidium brevibarbe,Blackedge cusk-eel,Gulf of Mexico,Gulf of Mexico,Ophidiiformes (Cusk eels) ,,
Lepophidium jeannae,Mottled cusk-eel,Gulf of Mexico,Gulf of Mexico,Ophidiiformes (Cusk eels) ,,
Lepophidium profundorum,Fawn cusk-eel,US East Coast,Northeast,Ophidiiformes (Cusk eels) ,,
Leptasterias (Hexasterias) polaris,Polar six-rayed star,Alaska,Eastern Bering Sea,Asteroidea (starfishes) ,,
Leptasterias (Hexasterias) polaris,Polar six-rayed star,Alaska,Northern Bering Sea,Asteroidea (starfishes) ,,
Leptasterias arctica,Arctic star,Alaska,Eastern Bering Sea,Asteroidea (starfishes) ,,
Leptasterias arctica,Arctic star,Alaska,Northern Bering Sea,Asteroidea (starfishes) ,,
Lethasterias nanimensis,Black spined sea star,Alaska,Aleutian Islands,Asteroidea (starfishes) ,,
Lethasterias nanimensis,Black spined sea star,Alaska,Eastern Bering Sea,Asteroidea (starfishes) ,,
Lethasterias nanimensis,Black spined sea star,Alaska,Northern Bering Sea,Asteroidea (starfishes) ,,
Lethasterias nanimensis,Black spined sea star,Alaska,Gulf of Alaska,Asteroidea (starfishes) ,,
Leucoraja erinaceus,Little skate,US East Coast,Northeast,"Elasmobranchi:Batoidea (skates, rays) ",NEFMC,Northeast Skate Complex
Leucoraja garmani,Rosette skate,US East Coast,Northeast,"Elasmobranchi:Batoidea (skates, rays) ",NEFMC,Northeast Skate Complex
Leucoraja ocellata,Winter skate,US East Coast,Northeast,"Elasmobranchi:Batoidea (skates, rays) ",NEFMC,Northeast Skate Complex
Limanda aspera,Yellowfin sole,Alaska,Eastern Bering Sea,Pleuronectiformes (Flatfishes) ,NPFMC,Groundfish of the Bering Sea and Aleutian Islands Management Area
Limanda aspera,Yellowfin sole,Alaska,Northern Bering Sea,Pleuronectiformes (Flatfishes) ,,
Limanda aspera,Yellowfin sole,Alaska,Gulf of Alaska,Pleuronectiformes (Flatfishes) ,NPFMC,Groundfish of the Gulf of Alaska
Limanda sakhalinensis,Sakhalin sole,Alaska,Northern Bering Sea,Pleuronectiformes (Flatfishes) ,,
Limulus polyphemus,Horseshoe crab,US East Coast,Southeast,Xiphosura (horseshoe crabs),ASMFC,Interstate Fishery Management Plan 
Limulus polyphemus,Horseshoe crab,US East Coast,Northeast,Xiphosura (horseshoe crabs),ASMFC,Interstate Fishery Management Plan 
Liparis gibbus,Variegated snailfish,Alaska,Northern Bering Sea,Perciformes/Cottoidei (sculpins),,
Liponema brevicorne,Tentacle shedding anemone,US West Coast,West Coast,"Cnidaria (jellyfish, corals, anenomes) ",,
Lithodes aequispinus,Golden king crab,Alaska,Aleutian Islands,Decapoda (Crabs/Lobster/Shrimp),NPFMC,Bering Sea/Aleutian Islands King and Tanner Crabs
Lithodes couesi,Scarlet king crab,US West Coast,West Coast,Decapoda (Crabs/Lobster/Shrimp),,
Lolliguncula brevis,Atlantic brief squid,Gulf of Mexico,Gulf of Mexico,"Cephalopoda (squid, octopus)",,
Lolliguncula brevis,Atlantic brief squid,US East Coast,Southeast,"Cephalopoda (squid, octopus)",,
Lophius americanus,Monkfish,US East Coast,Northeast,Lophiiformes (Anglerfishes),MAFMC,Monkfish
Lophius americanus,Monkfish,US East Coast,Northeast,Lophiiformes (Anglerfishes),NEFMC,Monkfish
Luidia clathrata,Lined sea star,Gulf of Mexico,Gulf of Mexico,Asteroidea (starfishes) ,,
Luidia foliolata,Gray sand star,US West Coast,West Coast,Asteroidea (starfishes) ,,
Lumpenus fabricii,Slender eelblenny,Alaska,Northern Bering Sea,Perciformes/Zoarcoidei (Eelpouts and pricklebacks),,
Lutjanus campechanus,Red snapper,Gulf of Mexico,Gulf of Mexico,"Eupercaria (drums, croakers, porgies, tilefishes, parrotfish, snappers) ",GMFMC,Reef Fish Resources of the Gulf of Mexico
Lutjanus griseus,Gray snapper,Gulf of Mexico,Gulf of Mexico,"Eupercaria (drums, croakers, porgies, tilefishes, parrotfish, snappers) ",GMFMC,Reef Fish Resources of the Gulf of Mexico
Lutjanus synagris,Lane snapper,Gulf of Mexico,Gulf of Mexico,"Eupercaria (drums, croakers, porgies, tilefishes, parrotfish, snappers) ",GMFMC,Reef Fish Resources of the Gulf of Mexico
Lycenchelys crotalinus,Snakehead eelpout,US West Coast,West Coast,Perciformes/Zoarcoidei (Eelpouts and pricklebacks),,
Lycodes brevipes,Shortfin eelpout,Alaska,Eastern Bering Sea,Perciformes/Zoarcoidei (Eelpouts and pricklebacks),,
Lycodes brevipes,Shortfin eelpout,Alaska,Gulf of Alaska,Perciformes/Zoarcoidei (Eelpouts and pricklebacks),,
Lycodes cortezianus,Bigfin eelpout,US West Coast,West Coast,Perciformes/Zoarcoidei (Eelpouts and pricklebacks),,
Lycodes diapterus,Black eelpout,US West Coast,West Coast,Perciformes/Zoarcoidei (Eelpouts and pricklebacks),,
Lycodes pacificus,Blackbelly eelpout,US West Coast,West Coast,Perciformes/Zoarcoidei (Eelpouts and pricklebacks),,
Lycodes palearis,Wattled eelpout,Alaska,Eastern Bering Sea,Perciformes/Zoarcoidei (Eelpouts and pricklebacks),,
Lycodes palearis,Wattled eelpout,Alaska,Northern Bering Sea,Perciformes/Zoarcoidei (Eelpouts and pricklebacks),,
Lycodes palearis,Wattled eelpout,Alaska,Gulf of Alaska,Perciformes/Zoarcoidei (Eelpouts and pricklebacks),,
Lycodes turneri,Polar eelpout,Alaska,Northern Bering Sea,Perciformes/Zoarcoidei (Eelpouts and pricklebacks),,
Lyopsetta exilis,Slender sole,Alaska,Gulf of Alaska,Pleuronectiformes (Flatfishes) ,NPFMC,Groundfish of the Gulf of Alaska
Lyopsetta exilis,Slender sole,US West Coast,West Coast,Pleuronectiformes (Flatfishes) ,,
Mactromeris polynyma,Arctic surfclam,Alaska,Eastern Bering Sea,"Bivalvia (clams, muscles, oyster, arks, etc)",,
Malacocottus zonurus,Darkfin sculpin,Alaska,Aleutian Islands,Perciformes/Cottoidei (sculpins),NPFMC,Groundfish of the Bering Sea and Aleutian Islands Management Area
Malacocottus zonurus,Darkfin sculpin,Alaska,Gulf of Alaska,Perciformes/Cottoidei (sculpins),,
Malacoraja senta,Smooth skate,US East Coast,Northeast,"Elasmobranchi:Batoidea (skates, rays) ",NEFMC,Northeast Skate Complex
Mallotus villosus,Capelin,Alaska,Eastern Bering Sea,"Osmeriformes (caplin, freshwater smelt)",NPFMC,Groundfish of the Bering Sea and Aleutian Islands Management Area
Mallotus villosus,Capelin,Alaska,Northern Bering Sea,"Osmeriformes (caplin, freshwater smelt)",,
Mallotus villosus,Capelin,Alaska,Gulf of Alaska,"Osmeriformes (caplin, freshwater smelt)",,
Mediaster aequalis,Vermillion star,US West Coast,West Coast,Asteroidea (starfishes) ,,
Melanogrammus aeglefinus,Haddock,US East Coast,Northeast,"Gadiformes (Cods, genadiers, pollock) ",NEFMC,Northeast Multispecies
Menticirrhus americanus,Southern kingfish,US East Coast,Southeast,"Eupercaria (drums, croakers, porgies, tilefishes, parrotfish, snappers) ",,
Menticirrhus littoralis,Gulf kingfish,US East Coast,Southeast,"Eupercaria (drums, croakers, porgies, tilefishes, parrotfish, snappers) ",,
Merluccius albidus,Offshore hake,US East Coast,Northeast,"Gadiformes (Cods, genadiers, pollock) ",NEFMC,Northeast Multispecies
Merluccius bilinearis,Silver hake,US East Coast,Northeast,"Gadiformes (Cods, genadiers, pollock) ",NEFMC,Northeast Multispecies
Merluccius productus,Pacific hake,US West Coast,West Coast,"Gadiformes (Cods, genadiers, pollock) ",PFMC,Pacific Coast Groundfish
Metacarcinus magister,Dungeness crab,US West Coast,West Coast,Decapoda (Crabs/Lobster/Shrimp),,
Metapenaeopsis goodei,Caribbean velvet shrimp,Gulf of Mexico,Gulf of Mexico,Decapoda (Crabs/Lobster/Shrimp),,
Metridium farcimen,Giant plumose anemone,US West Coast,West Coast,"Cnidaria (jellyfish, corals, anenomes) ",,
Microgadus proximus,Pacific tomcod,US West Coast,West Coast,"Gadiformes (Cods, genadiers, pollock) ",,
Micropogonias undulatus,Atlantic croaker,Gulf of Mexico,Gulf of Mexico,"Eupercaria (drums, croakers, porgies, tilefishes, parrotfish, snappers) ",,
Micropogonias undulatus,Atlantic croaker,US East Coast,Southeast,"Eupercaria (drums, croakers, porgies, tilefishes, parrotfish, snappers) ",ASMFC,Interstate Fishery Management Plan 
Micropogonias undulatus,Atlantic croaker,US East Coast,Northeast,"Eupercaria (drums, croakers, porgies, tilefishes, parrotfish, snappers) ",ASMFC,Interstate Fishery Management Plan 
Microstomus bathybius,Deep-sea sole,US West Coast,West Coast,Pleuronectiformes (Flatfishes) ,,
Microstomus pacificus,Dover sole,Alaska,Aleutian Islands,Pleuronectiformes (Flatfishes) ,NPFMC,Groundfish of the Bering Sea and Aleutian Islands Management Area
Microstomus pacificus,Dover sole,Alaska,Gulf of Alaska,Pleuronectiformes (Flatfishes) ,NPFMC,Groundfish of the Gulf of Alaska
Microstomus pacificus,Dover sole,US West Coast,West Coast,Pleuronectiformes (Flatfishes) ,PFMC,Pacific Coast Groundfish
Molpadia intermedia,Sweet potato sea cucumber,US West Coast,West Coast,Holothuroidea (sea cucumbers),,
Monacanthus ciliatus,Fringed filefish,Gulf of Mexico,Gulf of Mexico,Tetraodontiformes (puffers and filefishes),,
Monanchora pulchra,,Alaska,Aleutian Islands,Porifera (sponges),,
Moreiradromia antillensis,Hairy sponge crab,Gulf of Mexico,Gulf of Mexico,Decapoda (Crabs/Lobster/Shrimp),,
Mullus auratus,Red goatfish,Gulf of Mexico,Gulf of Mexico,Mulliformes (Goatfishes),,
Mustelus canis,Smooth dogfish,US East Coast,Northeast,Elasmobranchi:Selachi (sharks),Atlantic HMS,Consolidated Atlantic Highly Migratory Species
Mustelus canis,Smooth dogfish,US East Coast,Southeast,Elasmobranchi:Selachi (sharks),Atlantic HMS,Consolidated Atlantic Highly Migratory Species
Mycale (Mycale) loveni,Loven's horny sponge,Alaska,Aleutian Islands,Porifera (sponges),,
Myliobatis freminvillei,Bullnose eagle ray,US East Coast,Southeast,"Elasmobranchi:Batoidea (skates, rays) ",,
Myoxocephalus jaok,Plain sculpin,Alaska,Eastern Bering Sea,Perciformes/Cottoidei (sculpins),,
Myoxocephalus jaok,Plain sculpin,Alaska,Northern Bering Sea,Perciformes/Cottoidei (sculpins),,
Myoxocephalus octodecemspinosus,Longhorn sculpin,US East Coast,Northeast,Perciformes/Cottoidei (sculpins),,
Myoxocephalus polyacanthocephalus,Great sculpin,Alaska,Aleutian Islands,Perciformes/Cottoidei (sculpins),NPFMC,Groundfish of the Bering Sea and Aleutian Islands Management Area
Myoxocephalus polyacanthocephalus,Great sculpin,Alaska,Eastern Bering Sea,Perciformes/Cottoidei (sculpins),NPFMC,Groundfish of the Bering Sea and Aleutian Islands Management Area
Myoxocephalus polyacanthocephalus,Great sculpin,Alaska,Northern Bering Sea,Perciformes/Cottoidei (sculpins),,Groundfish of the Bering Sea and Aleutian Islands Management Area
Myoxocephalus polyacanthocephalus,Great sculpin,Alaska,Gulf of Alaska,Perciformes/Cottoidei (sculpins),,
Myoxocephalus scorpius,Shorthorn sculpin,Alaska,Northern Bering Sea,Perciformes/Cottoidei (sculpins),,
Myxoderma platyacanthum,,US West Coast,West Coast,Asteroidea (starfishes) ,,
Myzopsetta ferruginea,Yellowtail flounder,US East Coast,Northeast,Pleuronectiformes (Flatfishes) ,NEFMC,Northeast Multispecies
Myzopsetta proboscidea,Longhead dab,Alaska,Eastern Bering Sea,Pleuronectiformes (Flatfishes) ,NPFMC,Groundfish of the Bering Sea and Aleutian Islands Management Area
Myzopsetta proboscidea,Longhead dab,Alaska,Northern Bering Sea,Pleuronectiformes (Flatfishes) ,NPFMC,Groundfish of the Bering Sea and Aleutian Islands Management Area
Nearchaster (Nearchaster) aciculosus,Needle spined fragile star,US West Coast,West Coast,Asteroidea (starfishes) ,,
Neptunea amianta,,US West Coast,West Coast,Gastropoda (sea snails and slugs),,
Neptunea borealis,,Alaska,Eastern Bering Sea,Gastropoda (sea snails and slugs),,
Neptunea borealis,,Alaska,Northern Bering Sea,Gastropoda (sea snails and slugs),,
Neptunea heros,Northern neptune whelk,Alaska,Eastern Bering Sea,Gastropoda (sea snails and slugs),,
Neptunea heros,Northern neptune whelk,Alaska,Northern Bering Sea,Gastropoda (sea snails and slugs),,
Neptunea lyrata,Lyre whelk,Alaska,Eastern Bering Sea,Gastropoda (sea snails and slugs),,
Neptunea pribiloffensis,Pribilof whelk,Alaska,Eastern Bering Sea,Gastropoda (sea snails and slugs),,
Neptunea ventricosa,Fat whelk,Alaska,Eastern Bering Sea,Gastropoda (sea snails and slugs),,
Neptunea ventricosa,Fat whelk,Alaska,Northern Bering Sea,Gastropoda (sea snails and slugs),,
Nezumia stelgidolepis,California grenadier,US West Coast,West Coast,"Gadiformes (Cods, genadiers, pollock) ",PFMC,Pacific Coast Groundfish
Nicholsina usta,Emerald parrotfish,Gulf of Mexico,Gulf of Mexico,"Eupercaria (drums, croakers, porgies, tilefishes, parrotfish, snappers) ",,
Occella dodecaedron,Bering poacher,Alaska,Eastern Bering Sea,Perciformes/Cottoidei (sculpins),,
Occella dodecaedron,Bering poacher,Alaska,Northern Bering Sea,Perciformes/Cottoidei (sculpins),,
Octopoteuthis deletron,Octopus squid,US West Coast,West Coast,"Cephalopoda (squid, octopus)",PFMC,Pacific Coast Groundfish
Ogcocephalus declivirostris,Slantbrow batfish,Gulf of Mexico,Gulf of Mexico,Lophiiformes (Anglerfishes),,
Ogcocephalus parvus,Roughback batfish,Gulf of Mexico,Gulf of Mexico,Lophiiformes (Anglerfishes),,
Oncorhynchus tshawytscha,Chinook salmon,US West Coast,West Coast,Salmoniformes (Salmons),PFMC,Pacific Coast Salmon
Ophidion holbrookii,Bank cusk-eel,Gulf of Mexico,Gulf of Mexico,Ophidiiformes (Cusk eels) ,,
Ophiodon elongatus,Lingcod,Alaska,Gulf of Alaska,Perciformes/Cottoidei (sculpins),,
Ophiodon elongatus,Lingcod,US West Coast,West Coast,Perciformes/Cottoidei (sculpins),PFMC,Pacific Coast Groundfish
Ophiolepis elegans,Elegant brittle star,Gulf of Mexico,Gulf of Mexico,Ophiuroidea (brittle stars),,
Ophiopholis aculeata,Daisy brittle star,Alaska,Aleutian Islands,Ophiuroidea (brittle stars),,
Ophiura sarsii,Notched brittle star,Alaska,Northern Bering Sea,Ophiuroidea (brittle stars),,
Ophiura sarsii,Notched brittle star,Alaska,Gulf of Alaska,Ophiuroidea (brittle stars),,
Opisthonema oglinum,Atlantic thread herring,Gulf of Mexico,Gulf of Mexico,"Clupeiformes (Herrings, anchovy, shad)",,
Opisthonema oglinum,Atlantic thread herring,US East Coast,Southeast,"Clupeiformes (Herrings, anchovy, shad)",,
Opisthoteuthis californiana,Flapjack octopus,US West Coast,West Coast,"Cephalopoda (squid, octopus)",,
Oregonia gracilis,Graceful decorator crab,Alaska,Aleutian Islands,Decapoda (Crabs/Lobster/Shrimp),,
Oregonia gracilis,Graceful decorator crab,Alaska,Eastern Bering Sea,Decapoda (Crabs/Lobster/Shrimp),,
Oregonia gracilis,Graceful decorator crab,Alaska,Gulf of Alaska,Decapoda (Crabs/Lobster/Shrimp),,
Orthopristis chrysoptera,Pigfish,Gulf of Mexico,Gulf of Mexico,"Eupercaria (drums, croakers, porgies, tilefishes, parrotfish, snappers) ",,
Orthopristis chrysoptera,Pigfish,US East Coast,Southeast,"Eupercaria (drums, croakers, porgies, tilefishes, parrotfish, snappers) ",,
Osmerus mordax,Rainbow smelt,Alaska,Northern Bering Sea,"Osmeriformes (caplin, freshwater smelt)",,
Ovalipes ocellatus,Ocellate lady crab,US East Coast,Southeast,Decapoda (Crabs/Lobster/Shrimp),,
Ovalipes stephensoni,Coarsehand lady crab,US East Coast,Southeast,Decapoda (Crabs/Lobster/Shrimp),,
Pagurus aleuticus,Aleutian hermit,Alaska,Eastern Bering Sea,Decapoda (Crabs/Lobster/Shrimp),,
Pagurus aleuticus,Aleutian hermit,Alaska,Gulf of Alaska,Decapoda (Crabs/Lobster/Shrimp),,
Pagurus brandti,Sponge hermit,Alaska,Aleutian Islands,Decapoda (Crabs/Lobster/Shrimp),,
Pagurus capillatus,Hairy hermit crab,Alaska,Northern Bering Sea,Decapoda (Crabs/Lobster/Shrimp),,
Pagurus ochotensis,Alaskan hermit crab,Alaska,Eastern Bering Sea,Decapoda (Crabs/Lobster/Shrimp),,
Pagurus ochotensis,Alaskan hermit crab,Alaska,Northern Bering Sea,Decapoda (Crabs/Lobster/Shrimp),,
Pagurus pollicaris,Gray hermit crab,US East Coast,Southeast,Decapoda (Crabs/Lobster/Shrimp),,
Pagurus rathbuni,Longfinger hermit,Alaska,Northern Bering Sea,Decapoda (Crabs/Lobster/Shrimp),,
Pagurus trigonocheirus,Fuzzy hermit,Alaska,Northern Bering Sea,Decapoda (Crabs/Lobster/Shrimp),,
Pallasina barbata,Tubenose poacher,Alaska,Northern Bering Sea,Decapoda (Crabs/Lobster/Shrimp),,
Pandalus borealis,Atlantic northern shrimp,US East Coast,Northeast,Decapoda (Crabs/Lobster/Shrimp),ASMFC,Interstate Fishery Management Plan 
Pandalus dispar,Sidestripe shrimp,Alaska,Gulf of Alaska,Decapoda (Crabs/Lobster/Shrimp),,
Pandalus eous,Northern shrimp,Alaska,Aleutian Islands,Decapoda (Crabs/Lobster/Shrimp),,
Pandalus eous,Northern shrimp,Alaska,Eastern Bering Sea,Decapoda (Crabs/Lobster/Shrimp),,
Pandalus eous,Northern shrimp,Alaska,Gulf of Alaska,Decapoda (Crabs/Lobster/Shrimp),,
Pandalus goniurus,Humpy shrimp,Alaska,Northern Bering Sea,Decapoda (Crabs/Lobster/Shrimp),,
Pandalus jordani,Ocean shrimp,Alaska,Gulf of Alaska,Decapoda (Crabs/Lobster/Shrimp),,
Pandalus jordani,Ocean shrimp,US West Coast,West Coast,Decapoda (Crabs/Lobster/Shrimp),,
Pandalus platyceros,Spot shrimp,US West Coast,West Coast,Decapoda (Crabs/Lobster/Shrimp),,
Pandalus tridens,Yellowleg pandalid,Alaska,Aleutian Islands,Decapoda (Crabs/Lobster/Shrimp),,
Paralichthys dentatus,Summer flounder,US East Coast,Northeast,Pleuronectiformes (Flatfishes) ,ASMFC,"Summer Flounder, Scup and Black Sea Bass"
Paralichthys dentatus,Summer flounder,US East Coast,Northeast,Pleuronectiformes (Flatfishes) ,MAFMC,"Summer Flounder, Scup and Black Sea Bass"
Paralichthys dentatus,Summer flounder,US East Coast,Southeast,Pleuronectiformes (Flatfishes) ,ASMFC,"Summer Flounder, Scup and Black Sea Bass"
Paralichthys dentatus,Summer flounder,US East Coast,Southeast,Pleuronectiformes (Flatfishes) ,MAFMC,"Summer Flounder, Scup and Black Sea Bass"
Paralichthys lethostigma,Southern flounder,US East Coast,Southeast,Pleuronectiformes (Flatfishes) ,,
Paralithodes camtschaticus,Red king crab,Alaska,Eastern Bering Sea,Decapoda (Crabs/Lobster/Shrimp),NPFMC,Bering Sea/Aleutian Islands King and Tanner Crabs
Paralithodes camtschaticus,Red king crab,Alaska,Northern Bering Sea,Decapoda (Crabs/Lobster/Shrimp),,
Paralithodes platypus,Blue king crab,Alaska,Eastern Bering Sea,Decapoda (Crabs/Lobster/Shrimp),NPFMC,Bering Sea/Aleutian Islands King and Tanner Crabs
Paralithodes platypus,Blue king crab,Alaska,Northern Bering Sea,Decapoda (Crabs/Lobster/Shrimp),,
Pareques umbrosus,Cubbyu,Gulf of Mexico,Gulf of Mexico,"Eupercaria (drums, croakers, porgies, tilefishes, parrotfish, snappers) ",,
Parmaturus xaniurus,Filetail catshark,US West Coast,West Coast,Elasmobranchi:Selachi (sharks),,
Parophrys vetulus,English sole,Alaska,Gulf of Alaska,Pleuronectiformes (Flatfishes) ,NPFMC,Groundfish of the Gulf of Alaska
Parophrys vetulus,English sole,US West Coast,West Coast,Pleuronectiformes (Flatfishes) ,PFMC,Pacific Coast Groundfish
Pasiphaea pacifica,Pacific glass shrimp,Alaska,Gulf of Alaska,Decapoda (Crabs/Lobster/Shrimp),,
Pasiphaea pacifica,Pacific glass shrimp,US West Coast,West Coast,Decapoda (Crabs/Lobster/Shrimp),,
Pasiphaea tarda,Crimson pasiphaeid,US West Coast,West Coast,Decapoda (Crabs/Lobster/Shrimp),,
Penaeus aztecus,Brown shrimp,Gulf of Mexico,Gulf of Mexico,Decapoda (Crabs/Lobster/Shrimp),GMFMC,Shrimp Fishery of the Gulf of Mexico
Penaeus aztecus,Brown shrimp,Gulf of Mexico,Gulf of Mexico,Decapoda (Crabs/Lobster/Shrimp),GSMFC,Interstate Fishery Management Plan 
Penaeus aztecus,Brown shrimp,US East Coast,Southeast,Decapoda (Crabs/Lobster/Shrimp),SAFMC,Shrimp Fishery of the South Atlantic Region
Penaeus duorarum,Pink shrimp,Gulf of Mexico,Gulf of Mexico,Decapoda (Crabs/Lobster/Shrimp),GMFMC,Shrimp Fishery of the Gulf of Mexico
Penaeus duorarum,Pink shrimp,Gulf of Mexico,Gulf of Mexico,Decapoda (Crabs/Lobster/Shrimp),GSMFC,Interstate Fishery Management Plan 
Penaeus duorarum,Pink shrimp,US East Coast,Southeast,Decapoda (Crabs/Lobster/Shrimp),SAFMC,Shrimp Fishery of the South Atlantic Region
Penaeus setiferus,Northern white shrimp,Gulf of Mexico,Gulf of Mexico,Decapoda (Crabs/Lobster/Shrimp),GMFMC,Shrimp Fishery of the Gulf of Mexico
Penaeus setiferus,Northern white shrimp,Gulf of Mexico,Gulf of Mexico,Decapoda (Crabs/Lobster/Shrimp),GSMFC,Interstate Fishery Management Plan 
Penaeus setiferus,Northern white shrimp,US East Coast,Southeast,Decapoda (Crabs/Lobster/Shrimp),SAFMC,Shrimp Fishery of the South Atlantic Region
Peprilus burti,Gulf butterfish,Gulf of Mexico,Gulf of Mexico,Scombriformes (Mackerels),,
Peprilus paru,Harvestfish,US East Coast,Southeast,Scombriformes (Mackerels),,
Peprilus triacanthus,American butterfish,US East Coast,Northeast,Scombriformes (Mackerels),MAFMC,"Mackerel, Squid and Butterfish"
Peprilus triacanthus,American butterfish,US East Coast,Southeast,Scombriformes (Mackerels),,
Persephona mediterranea,Mottled purse crab,US East Coast,Southeast,Decapoda (Crabs/Lobster/Shrimp),,
Phycis chesteri,Longfin hake,US East Coast,Northeast,"Gadiformes (Cods, genadiers, pollock) ",NEFMC,Northeast Multispecies
Pitarenus cordatus,Corded pitar,Gulf of Mexico,Gulf of Mexico,"Bivalvia (clams, muscles, oyster, arks, etc)",,
Placopecten magellanicus,Atlantic sea scallop,US East Coast,Northeast,"Bivalvia (clams, muscles, oyster, arks, etc)",NEFMC,Atlantic Sea Scallop
Platichthys stellatus,Starry flounder,Alaska,Eastern Bering Sea,Pleuronectiformes (Flatfishes) ,NPFMC,Groundfish of the Bering Sea and Aleutian Islands Management Area
Platichthys stellatus,Starry flounder,Alaska,Northern Bering Sea,Pleuronectiformes (Flatfishes) ,,
Platichthys stellatus,Starry flounder,Alaska,Gulf of Alaska,Pleuronectiformes (Flatfishes) ,NPFMC,Groundfish of the Gulf of Alaska
Platylambrus granulatus,Bladetooth elbow crab,Gulf of Mexico,Gulf of Mexico,Decapoda (Crabs/Lobster/Shrimp),,
Platymera gaudichaudii,Armed box crab,US West Coast,West Coast,Decapoda (Crabs/Lobster/Shrimp),,
Pleurobranchaea californica,,US West Coast,West Coast,Gastropoda (sea snails and slugs),,
Pleurogrammus monopterygius,Atka mackerel,Alaska,Aleutian Islands,Perciformes/Cottoidei (sculpins),NPFMC,Groundfish of the Bering Sea and Aleutian Islands Management Area
Pleurogrammus monopterygius,Atka mackerel,Alaska,Gulf of Alaska,Perciformes/Cottoidei (sculpins),NPFMC,Groundfish of the Gulf of Alaska
Pleuronectes quadrituberculatus,Alaska plaice,Alaska,Eastern Bering Sea,Pleuronectiformes (Flatfishes) ,NPFMC,Groundfish of the Bering Sea and Aleutian Islands Management Area
Pleuronectes quadrituberculatus,Alaska plaice,Alaska,Northern Bering Sea,Pleuronectiformes (Flatfishes) ,,
Pleuronichthys decurrens,Curlfin sole,US West Coast,West Coast,Pleuronectiformes (Flatfishes) ,PFMC,Pacific Coast Groundfish
Plicifusus kroyeri,Arctic whelk,Alaska,Eastern Bering Sea,Gastropoda (sea snails and slugs),,
Pododesmus macrochisma,Green falsejingle,Alaska,Aleutian Islands,"Bivalvia (clams, muscles, oyster, arks, etc)",,
Podothecus accipenserinus,Sturgeon poacher,Alaska,Aleutian Islands,Perciformes/Cottoidei (sculpins),,
Podothecus accipenserinus,Sturgeon poacher,Alaska,Eastern Bering Sea,Perciformes/Cottoidei (sculpins),,
Podothecus accipenserinus,Sturgeon poacher,Alaska,Northern Bering Sea,Perciformes/Cottoidei (sculpins),,
Podothecus veternus,,Alaska,Northern Bering Sea,Perciformes/Cottoidei (sculpins),,
Pollachius virens,Pollock,US East Coast,Northeast,"Gadiformes (Cods, genadiers, pollock) ",NEFMC,Northeast Multispecies
Pomatomus saltatrix,Bluefish,US East Coast,Northeast,Scombriformes (Mackerels),ASMFC,Bluefish
Pomatomus saltatrix,Bluefish,US East Coast,Northeast,Scombriformes (Mackerels),MAFMC,Bluefish
Pomatomus saltatrix,Bluefish,US East Coast,Southeast,Scombriformes (Mackerels),,
Porichthys notatus,Plainfin midshipman,US West Coast,West Coast,Batrachoidiformes (Toadfishes),,
Porichthys plectrodon,Atlantic midshipman,Gulf of Mexico,Gulf of Mexico,Batrachoidiformes (Toadfishes),,
Prionotus alatus,Spiny searobin,Gulf of Mexico,Gulf of Mexico,Perciformes/Scorpaenoidei (Scorpionfishes),,
Prionotus carolinus,Northern searobin,US East Coast,Northeast,Perciformes/Scorpaenoidei (Scorpionfishes),,
Prionotus carolinus,Northern searobin,US East Coast,Southeast,Perciformes/Scorpaenoidei (Scorpionfishes),,
Prionotus evolans,Striped searobin,US East Coast,Southeast,Perciformes/Scorpaenoidei (Scorpionfishes),,
Prionotus longispinosus,Bigeye searobin,Gulf of Mexico,Gulf of Mexico,Perciformes/Scorpaenoidei (Scorpionfishes),,
Prionotus ophryas,Bandtail searobin,Gulf of Mexico,Gulf of Mexico,Perciformes/Scorpaenoidei (Scorpionfishes),,
Prionotus paralatus,Mexican searobin,Gulf of Mexico,Gulf of Mexico,Perciformes/Scorpaenoidei (Scorpionfishes),,
Prionotus roseus,Bluespotted searobin,Gulf of Mexico,Gulf of Mexico,Perciformes/Scorpaenoidei (Scorpionfishes),,
Prionotus rubio,Blackwing searobin,Gulf of Mexico,Gulf of Mexico,Perciformes/Scorpaenoidei (Scorpionfishes),,
Prionotus rubio,Blackwing searobin,US East Coast,Southeast,Perciformes/Scorpaenoidei (Scorpionfishes),,
Prionotus scitulus,Leopard searobin,US East Coast,Southeast,Perciformes/Scorpaenoidei (Scorpionfishes),,
Prionotus stearnsi,Shortwing searobin,Gulf of Mexico,Gulf of Mexico,Perciformes/Scorpaenoidei (Scorpionfishes),,
Prionotus tribulus,Bighead searobin,US East Coast,Southeast,Perciformes/Scorpaenoidei (Scorpionfishes),,
Pristipomoides aquilonaris,Wenchman,Gulf of Mexico,Gulf of Mexico,"Eupercaria (drums, croakers, porgies, tilefishes, parrotfish, snappers) ",,
Pristipomoides filamentosus,Opakapaka,Hawaii,Hawaii,"Eupercaria (drums, croakers, porgies, tilefishes, parrotfish, snappers) ",WPFMC,Hawaii Archipelago Ecosystem
Pristipomoides sieboldii,Kalekale,Hawaii,Hawaii,"Eupercaria (drums, croakers, porgies, tilefishes, parrotfish, snappers) ",WPFMC,Hawaii Archipelago Ecosystem
Pristipomoides zonatus,Gindai,Hawaii,Hawaii,"Eupercaria (drums, croakers, porgies, tilefishes, parrotfish, snappers) ",WPFMC,Hawaii Archipelago Ecosystem
Pseudopleuronectes americanus,Winter flounder,US East Coast,Northeast,Pleuronectiformes (Flatfishes) ,ASMFC,Northeast Multispecies
Pseudopleuronectes americanus,Winter flounder,US East Coast,Northeast,Pleuronectiformes (Flatfishes) ,NEFMC,Northeast Multispecies
Pseudostichopus mollis,Sandy sea cucumber,US West Coast,West Coast,Holothuroidea (sea cucumbers),,
Pteraster militaris,Wrinkled sea star,Alaska,Aleutian Islands,Asteroidea (starfishes) ,,
Pteraster obscurus,Obscure cushion star,Alaska,Eastern Bering Sea,Asteroidea (starfishes) ,,
Pycnopodia helianthoides,Sunflower sea star,Alaska,Gulf of Alaska,Asteroidea (starfishes) ,,
Raninoides louisianensis,Gulf frog crab,Gulf of Mexico,Gulf of Mexico,Decapoda (Crabs/Lobster/Shrimp),,
Rathbunaster californicus,California sun star,US West Coast,West Coast,Asteroidea (starfishes) ,,
Reinhardtius hippoglossoides,Greenland halibut,Alaska,Eastern Bering Sea,Pleuronectiformes (Flatfishes) ,NPFMC,Groundfish of the Bering Sea and Aleutian Islands Management Area
Renilla muelleri,Mueller's sea pansy,Gulf of Mexico,Gulf of Mexico,"Cnidaria (jellyfish, corals, anenomes) ",,
Rhinoptera bonasus,Cownose ray,US East Coast,Southeast,"Elasmobranchi:Batoidea (skates, rays) ",,
Rhizoprionodon terraenovae,Atlantic sharpnose shark,Gulf of Mexico,Gulf of Mexico,Elasmobranchi:Selachi (sharks),,
Rhizoprionodon terraenovae,Atlantic sharpnose shark,US East Coast,Southeast,Elasmobranchi:Selachi (sharks),Atlantic HMS,Consolidated Atlantic Highly Migratory Species
Rhizoprionodon terraenovae,Atlantic sharpnose shark,US East Coast,Northeast,Elasmobranchi:Selachi (sharks),Atlantic HMS,Consolidated Atlantic Highly Migratory Species
Rhomboplites aurorubens,Vermilion snapper,Gulf of Mexico,Gulf of Mexico,"Eupercaria (drums, croakers, porgies, tilefishes, parrotfish, snappers) ",GMFMC,Reef Fish Resources of the Gulf of Mexico
Rossia pacifica,Eastern pacific bobtail,Alaska,Aleutian Islands,"Cephalopoda (squid, octopus)",NPFMC,Groundfish of the Bering Sea and Aleutian Islands Management Area
Rossia pacifica,Eastern pacific bobtail,US West Coast,West Coast,"Cephalopoda (squid, octopus)",,
Rostroraja eglanteria,Clearnose skate,Gulf of Mexico,Gulf of Mexico,"Elasmobranchi:Batoidea (skates, rays) ",,
Rostroraja eglanteria,Clearnose skate,US East Coast,Southeast,"Elasmobranchi:Batoidea (skates, rays) ",,
Rostroraja eglanteria,Clearnose skate,US East Coast,Northeast,"Elasmobranchi:Batoidea (skates, rays) ",NEFMC,Northeast Skate Complex
Rostroraja texana,Roundel skate,Gulf of Mexico,Gulf of Mexico,"Elasmobranchi:Batoidea (skates, rays) ",,
Sagenaster evermanni,Evermann's star,US West Coast,West Coast,Asteroidea (starfishes) ,,
Sardinella aurita,Spanish sardine,Gulf of Mexico,Gulf of Mexico,"Clupeiformes (Herrings, anchovy, shad)",,
Sarritor frenatus,Sawback poacher,Alaska,Aleutian Islands,Perciformes/Cottoidei (sculpins),,
Sarritor frenatus,Sawback poacher,Alaska,Eastern Bering Sea,Perciformes/Cottoidei (sculpins),,
Saurida brasiliensis,Largescale lizardfish,Gulf of Mexico,Gulf of Mexico,"Aulopiformes (Grinners, lizardfish)",,
Saurida normani,Shortjaw lizardfish,Gulf of Mexico,Gulf of Mexico,"Aulopiformes (Grinners, lizardfish)",,
Sclerocrangon boreas,Sculptured shrimp,Alaska,Northern Bering Sea,Decapoda (Crabs/Lobster/Shrimp),,
Scomber scombrus,Atlantic mackerel,US East Coast,Northeast,Scombriformes (Mackerels),MAFMC,"Mackerel, Squid and Butterfish"
Scomberomorus cavalla,King mackerel,US East Coast,Southeast,Scombriformes (Mackerels),GMFMC,Coastal Migratory Pelagic Resources of the Gulf of Mexico and South Atlantic
Scomberomorus cavalla,King mackerel,US East Coast,Southeast,Scombriformes (Mackerels),SAFMC,Coastal Migratory Pelagic Resources of the Gulf of Mexico and South Atlantic
Scomberomorus maculatus,Spanish mackerel,US East Coast,Southeast,Scombriformes (Mackerels),ASMFC,Interstate Fishery Management Plan 
Scomberomorus maculatus,Spanish mackerel,US East Coast,Southeast,Scombriformes (Mackerels),GMFMC,Coastal Migratory Pelagic Resources of the Gulf of Mexico and South Atlantic
Scomberomorus maculatus,Spanish mackerel,US East Coast,Southeast,Scombriformes (Mackerels),SAFMC,Coastal Migratory Pelagic Resources of the Gulf of Mexico and South Atlantic
Scophthalmus aquosus,Windowpane flounder,US East Coast,Northeast,Pleuronectiformes (Flatfishes) ,NEFMC,Northeast Multispecies
Scophthalmus aquosus,Windowpane flounder,US East Coast,Southeast,Pleuronectiformes (Flatfishes) ,,
Scorpaena agassizii,Longfin scorpionfish,Gulf of Mexico,Gulf of Mexico,Perciformes/Scorpaenoidei (Scorpionfishes),,
Scorpaena brasiliensis,Barbfish,Gulf of Mexico,Gulf of Mexico,Perciformes/Scorpaenoidei (Scorpionfishes),,
Scorpaena calcarata,Smoothhead scorpionfish,Gulf of Mexico,Gulf of Mexico,Perciformes/Scorpaenoidei (Scorpionfishes),,
Scyllarides nodifer,Ridged slipper lobster,Gulf of Mexico,Gulf of Mexico,Decapoda (Crabs/Lobster/Shrimp),,
Scyllarus chacei,Chace slipper lobster,Gulf of Mexico,Gulf of Mexico,Decapoda (Crabs/Lobster/Shrimp),,
Sebastes alutus,Pacific ocean perch,Alaska,Aleutian Islands,Perciformes/Scorpaenoidei (Scorpionfishes),NPFMC,Groundfish of the Bering Sea and Aleutian Islands Management Area
Sebastes alutus,Pacific ocean perch,Alaska,Gulf of Alaska,Perciformes/Scorpaenoidei (Scorpionfishes),NPFMC,Groundfish of the Gulf of Alaska
Sebastes alutus,Pacific ocean perch,US West Coast,West Coast,Perciformes/Scorpaenoidei (Scorpionfishes),PFMC,Pacific Coast Groundfish
Sebastes aurora,Aurora rockfish,US West Coast,West Coast,Perciformes/Scorpaenoidei (Scorpionfishes),PFMC,Pacific Coast Groundfish
Sebastes babcocki,Redbanded rockfish,Alaska,Gulf of Alaska,Perciformes/Scorpaenoidei (Scorpionfishes),NPFMC,Groundfish of the Gulf of Alaska
Sebastes babcocki,Redbanded rockfish,US West Coast,West Coast,Perciformes/Scorpaenoidei (Scorpionfishes),PFMC,Pacific Coast Groundfish
Sebastes borealis,Shortraker rockfish,Alaska,Aleutian Islands,Perciformes/Scorpaenoidei (Scorpionfishes),NPFMC,Groundfish of the Bering Sea and Aleutian Islands Management Area
Sebastes borealis,Shortraker rockfish,Alaska,Gulf of Alaska,Perciformes/Scorpaenoidei (Scorpionfishes),NPFMC,Groundfish of the Gulf of Alaska
Sebastes brevispinis,Silvergray rockfish,Alaska,Gulf of Alaska,Perciformes/Scorpaenoidei (Scorpionfishes),NPFMC,Groundfish of the Gulf of Alaska
Sebastes chlorostictus,Greenspotted rockfish,US West Coast,West Coast,Perciformes/Scorpaenoidei (Scorpionfishes),PFMC,Pacific Coast Groundfish
Sebastes crameri,Darkblotched rockfish,US West Coast,West Coast,Perciformes/Scorpaenoidei (Scorpionfishes),PFMC,Pacific Coast Groundfish
Sebastes diploproa,Splitnose rockfish,US West Coast,West Coast,Perciformes/Scorpaenoidei (Scorpionfishes),PFMC,Pacific Coast Groundfish
Sebastes elongatus,Greenstriped rockfish,US West Coast,West Coast,Perciformes/Scorpaenoidei (Scorpionfishes),PFMC,Pacific Coast Groundfish
Sebastes entomelas,Widow rockfish,US West Coast,West Coast,Perciformes/Scorpaenoidei (Scorpionfishes),PFMC,Pacific Coast Groundfish
Sebastes fasciatus,Acadian redfish,US East Coast,Northeast,Perciformes/Scorpaenoidei (Scorpionfishes),NEFMC,Northeast Multispecies
Sebastes flavidus,Yellowtail rockfish,US West Coast,West Coast,Perciformes/Scorpaenoidei (Scorpionfishes),PFMC,Pacific Coast Groundfish
Sebastes goodei,Chilipepper rockfish,US West Coast,West Coast,Perciformes/Scorpaenoidei (Scorpionfishes),PFMC,Pacific Coast Groundfish
Sebastes helvomaculatus,Rosethorn rockfish,US West Coast,West Coast,Perciformes/Scorpaenoidei (Scorpionfishes),PFMC,Pacific Coast Groundfish
Sebastes jordani,Shortbelly rockfish,US West Coast,West Coast,Perciformes/Scorpaenoidei (Scorpionfishes),PFMC,Pacific Coast Groundfish
Sebastes melanostictus and S. aleutianus,Blackspotted and rougheye rockfish,Alaska,Aleutian Islands,Perciformes/Scorpaenoidei (Scorpionfishes),NPFMC,Groundfish of the Bering Sea and Aleutian Islands Management Area
Sebastes melanostictus and S. aleutianus,Blackspotted and rougheye rockfish,Alaska,Gulf of Alaska,Perciformes/Scorpaenoidei (Scorpionfishes),NPFMC,Groundfish of the Gulf of Alaska
Sebastes melanostictus and S. aleutianus,Blackspotted and rougheye rockfish,US West Coast,West Coast,Perciformes/Scorpaenoidei (Scorpionfishes),PFMC,Pacific Coast Groundfish
Sebastes paucispinis,Bocaccio,US West Coast,West Coast,Perciformes/Scorpaenoidei (Scorpionfishes),PFMC,Pacific Coast Groundfish
Sebastes pinniger,Canary rockfish,US West Coast,West Coast,Perciformes/Scorpaenoidei (Scorpionfishes),PFMC,Pacific Coast Groundfish
Sebastes polyspinis,Northern rockfish,Alaska,Aleutian Islands,Perciformes/Scorpaenoidei (Scorpionfishes),NPFMC,Groundfish of the Bering Sea and Aleutian Islands Management Area
Sebastes polyspinis,Northern rockfish,Alaska,Gulf of Alaska,Perciformes/Scorpaenoidei (Scorpionfishes),NPFMC,Groundfish of the Gulf of Alaska
Sebastes proriger,Redstripe rockfish,US West Coast,West Coast,Perciformes/Scorpaenoidei (Scorpionfishes),PFMC,Pacific Coast Groundfish
Sebastes saxicola,Stripetail rockfish,US West Coast,West Coast,Perciformes/Scorpaenoidei (Scorpionfishes),PFMC,Pacific Coast Groundfish
Sebastes semicinctus,Halfbanded rockfish,US West Coast,West Coast,Perciformes/Scorpaenoidei (Scorpionfishes),PFMC,Pacific Coast Groundfish
Sebastes variabilis and S. ciliatus,Dusky and dark rockfish,Alaska,Aleutian Islands,Perciformes/Scorpaenoidei (Scorpionfishes),NPFMC,Groundfish of the Bering Sea and Aleutian Islands Management Area
Sebastes variabilis and S. ciliatus,Dusky and dark rockfish,Alaska,Gulf of Alaska,Perciformes/Scorpaenoidei (Scorpionfishes),NPFMC,Groundfish of the Gulf of Alaska
Sebastes zacentrus,Sharpchin rockfish,Alaska,Gulf of Alaska,Perciformes/Scorpaenoidei (Scorpionfishes),NPFMC,Groundfish of the Gulf of Alaska
Sebastes zacentrus,Sharpchin rockfish,US West Coast,West Coast,Perciformes/Scorpaenoidei (Scorpionfishes),PFMC,Pacific Coast Groundfish
Sebastolobus alascanus,Shortspine thornyhead,Alaska,Aleutian Islands,Perciformes/Scorpaenoidei (Scorpionfishes),NPFMC,Groundfish of the Bering Sea and Aleutian Islands Management Area
Sebastolobus alascanus,Shortspine thornyhead,Alaska,Gulf of Alaska,Perciformes/Scorpaenoidei (Scorpionfishes),NPFMC,Groundfish of the Gulf of Alaska
Sebastolobus alascanus,Shortspine thornyhead,US West Coast,West Coast,Perciformes/Scorpaenoidei (Scorpionfishes),PFMC,Pacific Coast Groundfish
Sebastolobus altivelis,Longspine thornyhead,US West Coast,West Coast,Perciformes/Scorpaenoidei (Scorpionfishes),PFMC,Pacific Coast Groundfish
Selene setapinnis,Atlantic moonfish,Gulf of Mexico,Gulf of Mexico,Carangiformes (Jacks),,
Selene setapinnis,Atlantic moonfish,US East Coast,Southeast,Carangiformes (Jacks),,
Selene vomer,Lookdown,US East Coast,Southeast,Carangiformes (Jacks),,
Serranus atrobranchus,Blackear bass,Gulf of Mexico,Gulf of Mexico,Perciformes/Serranoidei (Groupers),,
Serranus notospilus,Saddle bass,Gulf of Mexico,Gulf of Mexico,Perciformes/Serranoidei (Groupers),,
Serranus phoebe,Tattler,Gulf of Mexico,Gulf of Mexico,Perciformes/Serranoidei (Groupers),,
Serripes notabilis,Oblique smoothcockle,Alaska,Northern Bering Sea,"Bivalvia (clams, muscles, oyster, arks, etc)",,
Sicyonia brevirostris,Brown rock shrimp,Gulf of Mexico,Gulf of Mexico,Decapoda (Crabs/Lobster/Shrimp),GMFMC,Shrimp Fishery of the Gulf of Mexico
Sicyonia dorsalis,Lesser rock shrimp,Gulf of Mexico,Gulf of Mexico,Decapoda (Crabs/Lobster/Shrimp),GMFMC,Shrimp Fishery of the Gulf of Mexico
Solenocera atlantidis,Dwarf humpback shrimp,Gulf of Mexico,Gulf of Mexico,Decapoda (Crabs/Lobster/Shrimp),,
Solenocera vioscai,Humpback shrimp,Gulf of Mexico,Gulf of Mexico,Decapoda (Crabs/Lobster/Shrimp),,
Sphoeroides dorsalis,Marbled puffer,Gulf of Mexico,Gulf of Mexico,Tetraodontiformes (puffers and filefishes),,
Sphoeroides maculatus,Northern puffer,US East Coast,Southeast,Tetraodontiformes (puffers and filefishes),,
Sphoeroides parvus,Least puffer,Gulf of Mexico,Gulf of Mexico,Tetraodontiformes (puffers and filefishes),,
Sphoeroides spengleri,Bandtail puffer,Gulf of Mexico,Gulf of Mexico,Tetraodontiformes (puffers and filefishes),,
Sphyraena guachancho,Guachanche barracuda,US East Coast,Southeast,Carangaria (barracuda),,
Sphyrna tiburo,Bonnethead,US East Coast,Southeast,Elasmobranchi:Selachi (sharks),Atlantic HMS,Consolidated Atlantic Highly Migratory Species
Squalus acanthias,Spiny dogfish,US East Coast,Northeast,Elasmobranchi:Selachi (sharks),ASMFC,Interstate Fishery Management Plan 
Squalus acanthias,Spiny dogfish,US East Coast,Northeast,Elasmobranchi:Selachi (sharks),MAFMC,Spiny Dogfish
Squalus acanthias,Spiny dogfish,US East Coast,Northeast,Elasmobranchi:Selachi (sharks),NEFMC,Spiny Dogfish
Squalus suckleyi,Pacific spiny dogfish,Alaska,Gulf of Alaska,Elasmobranchi:Selachi (sharks),NPFMC,Groundfish of the Gulf of Alaska
Squalus suckleyi,Pacific spiny dogfish,US West Coast,West Coast,Elasmobranchi:Selachi (sharks),PFMC,Pacific Coast Groundfish
Squilla chydaea,Offshore mantis shrimp,Gulf of Mexico,Gulf of Mexico,Stomatopoda (mantis shrimp),GMFMC,Shrimp Fishery of the Gulf of Mexico
Squilla empusa,Mantis shrimp,Gulf of Mexico,Gulf of Mexico,Stomatopoda (mantis shrimp),GMFMC,Shrimp Fishery of the Gulf of Mexico
Squilla empusa,Mantis shrimp,US East Coast,Southeast,Stomatopoda (mantis shrimp),SAFMC,Shrimp Fishery of the South Atlantic Region
Stegophiura ponderosa,,Alaska,Gulf of Alaska,Ophiuroidea (brittle stars),,
Stellifer lanceolatus,Star drum,US East Coast,Southeast,"Eupercaria (drums, croakers, porgies, tilefishes, parrotfish, snappers) ",,
Stenorhynchus seticornis,Yellowline arrow crab,Gulf of Mexico,Gulf of Mexico,Decapoda (Crabs/Lobster/Shrimp),,
Stenotomus caprinus,Longspine porgy,Gulf of Mexico,Gulf of Mexico,"Eupercaria (drums, croakers, porgies, tilefishes, parrotfish, snappers) ",,
Stenotomus chrysops,Scup,US East Coast,Northeast,"Eupercaria (drums, croakers, porgies, tilefishes, parrotfish, snappers) ",ASMFC,"Summer Flounder, Scup and Black Sea Bass"
Stenotomus chrysops,Scup,US East Coast,Northeast,"Eupercaria (drums, croakers, porgies, tilefishes, parrotfish, snappers) ",MAFMC,"Summer Flounder, Scup and Black Sea Bass"
Stephanolepis hispida,Planehead filefish,Gulf of Mexico,Gulf of Mexico,Tetraodontiformes (puffers and filefishes),,
Stephanolepis hispida,Planehead filefish,US East Coast,Southeast,Tetraodontiformes (puffers and filefishes),,
Strongylocentrotus droebachiensis,Green sea urchin,Alaska,Eastern Bering Sea,"Echinoidea (sea urchins, sand dollars) ",,
Strongylocentrotus droebachiensis,Green sea urchin,Alaska,Northern Bering Sea,"Echinoidea (sea urchins, sand dollars) ",,
Strongylocentrotus fragilis,Fragile sea urchin,Alaska,Gulf of Alaska,"Echinoidea (sea urchins, sand dollars) ",,
Styela rustica,Sea potato,Alaska,Eastern Bering Sea,"Tunicata (sea squirts, tunicates, salps) ",,
Styela rustica,Sea potato,Alaska,Northern Bering Sea,"Tunicata (sea squirts, tunicates, salps) ",,
Stylasterias forreri,Velcro star,US West Coast,West Coast,Asteroidea (starfishes) ,,
Stylocidaris affinis,Pencil urchin,Gulf of Mexico,Gulf of Mexico,"Echinoidea (sea urchins, sand dollars) ",,
Syacium gunteri,Shoal flounder,Gulf of Mexico,Gulf of Mexico,Pleuronectiformes (Flatfishes) ,,
Syacium papillosum,Dusky flounder,Gulf of Mexico,Gulf of Mexico,Pleuronectiformes (Flatfishes) ,,
Symphurus diomedeanus,Spottedfin tonguefish,Gulf of Mexico,Gulf of Mexico,Pleuronectiformes (Flatfishes) ,,
Symphurus plagiusa,Blackcheek tonguefish,US East Coast,Southeast,Pleuronectiformes (Flatfishes) ,,
Synodus foetens,Inshore lizardfish,Gulf of Mexico,Gulf of Mexico,"Aulopiformes (Grinners, lizardfish)",,
Synodus foetens,Inshore lizardfish,US East Coast,Southeast,"Aulopiformes (Grinners, lizardfish)",,
Synodus intermedius,Sand diver,Gulf of Mexico,Gulf of Mexico,"Aulopiformes (Grinners, lizardfish)",,
Synodus poeyi,Offshore lizardfish,Gulf of Mexico,Gulf of Mexico,"Aulopiformes (Grinners, lizardfish)",,
Talismania bifurcata,Threadfin slickhead,US West Coast,West Coast,Alepocephaliformes (Slickheads and tubeshoulders.),,
Tedania (Tedania) kagalaskai,,Alaska,Aleutian Islands,Porifera (sponges),,
Telmessus cheiragonus,Helmet crab,Alaska,Eastern Bering Sea,Decapoda (Crabs/Lobster/Shrimp),,
Telmessus cheiragonus,Helmet crab,Alaska,Northern Bering Sea,Decapoda (Crabs/Lobster/Shrimp),,
Thaleichthys pacificus,Eulachon,Alaska,Eastern Bering Sea,"Osmeriformes (caplin, freshwater smelt)",NPFMC,Groundfish of the Bering Sea and Aleutian Islands Management Area
Thaleichthys pacificus,Eulachon,Alaska,Gulf of Alaska,"Osmeriformes (caplin, freshwater smelt)",,
Thaleichthys pacificus,Eulachon,US West Coast,West Coast,"Osmeriformes (caplin, freshwater smelt)",,
Thrissacanthias penicillatus,,US West Coast,West Coast,Asteroidea (starfishes) ,,
Trachinocephalus myops,Snakefish,Gulf of Mexico,Gulf of Mexico,"Aulopiformes (Grinners, lizardfish)",,
Trachinotus carolinus,Florida pompano,US East Coast,Southeast,Carangiformes (Jacks),,
Trachurus lathami,Rough scad,Gulf of Mexico,Gulf of Mexico,Carangiformes (Jacks),,
Trichiurus lepturus,Atlantic cutlassfish,Gulf of Mexico,Gulf of Mexico,Scombriformes (Mackerels),,
Trichiurus lepturus,Atlantic cutlassfish,US East Coast,Southeast,Scombriformes (Mackerels),,
Trichopsetta ventralis,Sash flounder,Gulf of Mexico,Gulf of Mexico,Pleuronectiformes (Flatfishes) ,,
Triglops forficatus,Scissortail sculpin,Alaska,Aleutian Islands,Perciformes/Cottoidei (sculpins),NPFMC,Groundfish of the Bering Sea and Aleutian Islands Management Area
Triglops pingelii,Ribbed sculpin,Alaska,Northern Bering Sea,Perciformes/Cottoidei (sculpins),,
Triglops scepticus,Spectacled sculpin,Alaska,Aleutian Islands,Perciformes/Cottoidei (sculpins),NPFMC,Groundfish of the Bering Sea and Aleutian Islands Management Area
Trinectes maculatus,Hogchoker,US East Coast,Southeast,Pleuronectiformes (Flatfishes) ,,
Tritonia tetraquetra,Large orange peel nudibranch,US West Coast,West Coast,Gastropoda (sea snails and slugs),,
Upeneus parvus,Dwarf goatfish,Gulf of Mexico,Gulf of Mexico,Mulliformes (Goatfishes),,
Urophycis chuss,Red hake,US East Coast,Northeast,"Gadiformes (Cods, genadiers, pollock) ",NEFMC,Northeast Multispecies
Urophycis floridana,Southern hake,Gulf of Mexico,Gulf of Mexico,"Gadiformes (Cods, genadiers, pollock) ",,
Urophycis regia,Spotted hake,US East Coast,Northeast,"Gadiformes (Cods, genadiers, pollock) ",,
Urophycis regia,Spotted hake,US East Coast,Southeast,"Gadiformes (Cods, genadiers, pollock) ",,
Urophycis tenuis,White hake,US East Coast,Northeast,"Gadiformes (Cods, genadiers, pollock) ",NEFMC,Northeast Multispecies
Xiphopenaeus kroyeri,Atlantic seabob,US East Coast,Southeast,Decapoda (Crabs/Lobster/Shrimp),,
Xyrichtys novacula,Pearly razorfish,Gulf of Mexico,Gulf of Mexico,"Eupercaria (drums, croakers, porgies, tilefishes, parrotfish, snappers) ",,
Zalembius rosaceus,Pink seaperch,US West Coast,West Coast,"Ovalentaria (damselfish, sufperches)",,
Zaniolepis latipinnis,Longspine combfish,US West Coast,West Coast,Perciformes/Cottoidei (sculpins),PFMC,Pacific Coast Groundfish
Zaprora silenus,Prowfish,Alaska,Aleutian Islands,Perciformes/Zoarcoidei (Eelpouts and pricklebacks),,
Zoarces americanus,Ocean pout,US East Coast,Northeast,Perciformes/Zoarcoidei (Eelpouts and pricklebacks),NEFMC,Northeast Multispecies
